ID,language,date,title,abstract,description,source,crs,lowerCorner,upperCorner,link,download,thumbnail,large_thumbnail,protocol,subject
"2A0707ED-3331-42F9-A1F4-ED9493473B1A","pt","2014-12-23T15:21:32","Registros de ocorrência de Millepera alcicornis por Estados","","Registros de ocorrência de Millepora alcicornis por Estados (Cadeia Vitória-Trindade, Trindade, Atol das Rocas, Fernando de Noronha e Arquipélago São Pedro e São Paulo, individualmente) na costa brasileira. Esse é um produto da Oficina de Avaliação do Estado de Conservação de Espécies do Filo Cnidaria realizado pelo ICMBio.","","","","","","","","","",Millepora,alcicornis,Cnidaria,biota,location]
"0c73b680-47df-11da-a33e-0011253f5524","","","Edificações - pontual","","","","","-35.507184 -29.747433","-55.249438 -9.275869","","","","","",Edificações         IBGE/SPRN/SIEG,REQUIRED: Reference to a formally registered thesaurus or a similar authoritative source of theme keywords.]
"117B6F40-DA21-490D-A577-F1F1FADC1023","pt","2014-12-23T15:45:29","Registros de ocorrência de Millepora nitida por Estados","","Registros de ocorrência de Millepora nitida por Estados (Cadeia Vitória-Trindade, Trindade, Atol das Rocas, Fernando de Noronha e Arquipélago São Pedro e São Paulo, individualmente) na costa brasileira. Esse é um produto da Oficina de Avaliação do Estado de Conservação de Espécies do Filo Cnidaria realizado pelo ICMBio.","","","","","","","","","",Millepora,nitida,Cnidaria,biota,location]
"24ed4d4f-5a5d-458e-8a0d-2d9145754d06","","2011-06-03T15:40:23","Zoneamento Ecológico Econômico do Estado do Amapá","","Zoneamento Ecológico Econômico do Estado do Amapá foi feito a partir do uso de imagens dos satélites Landsat e ERS e mosaicos de radar do projeto RADAMBRASIL.","","urn:ogc:def:crs:::SAD 1969","-48.652282726592 -1.235822","-56.099268273408 4.43706","","","resources.get?id=71108&fname=amapa_s.png&access=public","resources.get?id=71108&fname=amapa.png&access=public","",ZEE,Amapá,Amapá,environment]
"69FCB77C-B11B-4C92-BA51-BA50E70A5EBC","pt","2014-12-23T16:39:18","Registros de ocorrência de Siderastrea stellata por Estados","","Registros de ocorrência de Siderastrea stellata por Estados (Cadeia Vitória-Trindade, Trindade, Atol das Rocas, Fernando de Noronha e Arquipélago São Pedro e São Paulo, individualmente) na costa brasileira. Esse é um produto da Oficina de Avaliação do Estado de Conservação de Espécies do Filo Cnidaria realizado pelo ICMBio.","","","","","","","","","",Siderastrea,stellata,Cnidaria,biota,location]
"045a3bc0-a4b1-11da-a7a5-0011253f5524","","","Edificações - pontual","","","","","-37.500472 -27.999903","-66.946678 2.954588","","","","","",Edificações         IBGE/SPRN/SIEG,REQUIRED: Reference to a formally registered thesaurus or a similar authoritative source of theme keywords.]
"41e35eb0-47df-11da-a33e-0011253f5524","","","PRODES Digital - 2003","","","","","-43.913908 -17.955111","-73.977821 5.090511","","","","","",Monitoramento do Desmatamento na Amazônia Legal         PRODES Digital         OBT/INPE         2003,REQUIRED: Reference to a formally registered thesaurus or a similar authoritative source of theme keywords.]
"C744BE63-0617-484C-92E9-AFD810EC1222","pt","2014-12-23T15:28:29","Registros de ocorrência de Millepora braziliensis por Estados","","Registros de ocorrência de Millepora braziliensis por Estados (Cadeia Vitória-Trindade, Trindade, Atol das Rocas, Fernando de Noronha e Arquipélago São Pedro e São Paulo, individualmente) na costa brasileira. Esse é um produto da Oficina de Avaliação do Estado de Conservação de Espécies do Filo Cnidaria realizado pelo ICMBio.","","","","","","","","","",Millepora,braziliensis,Cnidaria,biota,location]
"b08d205d-347b-4b3d-9d05-87a1ae7f9f99","","2013-05-08T10:19:32","ZEE da Zona Leste e Calha Norte do Pará - Mapa de Gestão Territorial (2010)","","O ZEE Zona Leste e Calha Norte tem como principal produto técnico o Mapa de Gestão Territorial, que agrega as informações indexadas do meio ambiente biofísico-natural e do meio socioeconômico, e define, com base na potencialidade social, na vulnerabilidade natural e na proteção de áreas para a conservação, zonas de gestão. Este mapa foi elaborado a partir da análise dos seguintes elementos técnicos: I - bacias e interbacias hidrográficas, uso múltiplo dos seus recursos hídricos, em especial potenciais hidroenergéticos e hidroviário em interlocução com os planos nacionais de recursos hídricos, planos estratégicos e de revitalização para a região; II - áreas legalmente protegidas (unidades de conservação, territórios indígenas, quilombolas e áreas militares); III - potencialidade social das unidades territoriais; IV - vulnerabilidade natural à erosão, dos recursos naturais usados para a produção e perda da biodiversidade; V – informações coletadas em 13 audiências públicas ocorridas no período de 22 de setembro a 23 de novembro de 2009; VI - eixos e sub-eixos de desenvolvimento; VII - áreas de indução sob influência urbana; VIII - informações e Espacialização do uso atual do solo; IX - recursos minerais; X - projetos de assentamentos, territórios quilombola e colônias estaduais; XI – áreas prioritárias para a conservação definidas pelo Projeto de Conservação e Utilização Sustentável da Diversidade Biológica Brasileira – PROBIO; XII – dados de desflorestamento do Instituto Nacional de Pesquisas Espaciais – Metodologia PRODES; XIII – marcos regulatórios de natureza ambiental, fundiária, pecuária, agrícola, energético, extrativista e agroecológica; XIV – o Macrozoneamento Ecológico-Econômico do Estado do Pará, Lei Estadual nº. 6.745, de 06 de maio de 2005; XV – a Política Estadual de Ordenamento Territorial – PEOT; XVI – a Política Nacional de Ordenamento Territorial – PNOT.","","urn:ogc:def:crs:::SIRGAS_2000","-45 -10","-59 2","","","","","",Gestão, Zonas de Uso, Zoneamento Ecológico-Econômico,environment]
"727ACF45-CF5D-440C-B9F8-690ECC229458","pt","2014-12-23T16:14:32","Registros de ocorrência de Porites asteroides por Estados","","Registros de ocorrência de Porites asteroides por Estados (Cadeia Vitória-Trindade, Trindade, Atol das Rocas, Fernando de Noronha e Arquipélago São Pedro e São Paulo, individualmente) na costa brasileira. Esse é um produto da Oficina de Avaliação do Estado de Conservação de Espécies do Filo Cnidaria realizado pelo ICMBio.","","","","","","","","","",Porites,asteroides,Cnidaria,biota,location]
"A6FF23FC-BD0B-458F-AC3C-C4D2AA41E0FF","pt","2014-12-23T15:56:19","Registros de ocorrência de Mussismilia braziliensis por Estados","","Registros de ocorrência de Mussismilia braziliensis por Estados (Cadeia Vitória-Trindade, Trindade, Atol das Rocas, Fernando de Noronha e Arquipélago São Pedro e São Paulo, individualmente) na costa brasileira. Esse é um produto da Oficina de Avaliação do Estado de Conservação de Espécies do Filo Cnidaria realizado pelo ICMBio.","","","","","","","","","",Mussismilia,braziliensis,Cnidaria,biota,location]
"1ff41560-47df-11da-a33e-0011253f5524","","","Hidrografia - linear","","","","","-35.500000 -29.750328","-55.249927 -9.250000","","","","","",Hidrografia         IBGE/SPRN/SIEG]
"31c418e0-4c84-11da-b6e0-0011253f5524","","","Outorgas de Aqüíferos em Sergipe (2004)","","","","","-36.496775 -11.519843","-37.730836 -10.472350","","","","","",Outorga         SEPLANTEC         Atlas Digital sobre Recursos Hídricos,Sergipe         Mata Atlântica         Caatinga,2004]
"C0A3879A-F1DF-41F4-BFC8-6C5BFDD68C30","pt","2014-12-23T16:08:54","Registros de ocorrência de Mussismilia harttii por Estados","","Registros de ocorrência de Mussismilia harttii por Estados (Cadeia Vitória-Trindade, Trindade, Atol das Rocas, Fernando de Noronha e Arquipélago São Pedro e São Paulo, individualmente) na costa brasileira. Esse é um produto da Oficina de Avaliação do Estado de Conservação de Espécies do Filo Cnidaria realizado pelo ICMBio.","","","","","","","","","",Mussismilia,harttii,Cnidaria,biota,location]
"08b3ef60-47df-11da-a33e-0011253f5524","","","Dutos Submarinos - cartas SAO","","","","","-36.256153 -5.126320","-36.835162 -4.684471","","","","","",Dutos Submarinos         MMA/ IBAMA/ ANP]
"38d62b90-47df-11da-a33e-0011253f5524","","","Índice de Sensibilidade do Litoral - Cartas Táticas 2004.","","","","","-34.965970 -6.499430","-41.341494 -2.784474","","","","","",Índice de Sensibilidade do Litoral (ISL)         Carta Tática         MMA/ IBAMA/ ANP]
"73d57a60-6b35-11da-8b01-0011253f5524","","","Hipsografia - pontual","","","","","-49.506885 -19.955974","-53.296287 -17.004341","","","","","",Hipsografia         IBGE/SPRN/SIEG,REQUIRED: Reference to a formally registered thesaurus or a similar authoritative source of theme keywords.]
"6b6b3c80-47df-11da-a33e-0011253f5524","","","Transporte - pontual","","","","","-35.507021 -29.719668","-55.207946 -9.256583","","","","","",Transportes         IBGE/SPRN/SIEG,REQUIRED: Reference to a formally registered thesaurus or a similar authoritative source of theme keywords.]
"7961e9b0-47df-11da-a33e-0011253f5524","","","World Wildlife Fund Terrestrial Ecoregions","","","","","179.999950 -89.999950","-179.999950 83.623596","","","","","",None         polygon         ecoregions         ecosystems         species richness         species endemism         ecological         evolutionary         habitat         global rarity         biodiversity         global 200         biota,None         World,None         2001]
"2e8072e0-47df-11da-a33e-0011253f5524","","","Mapa Índice do Brasil (cartas disponíveis no MMA)- escala 1:100.000","","","","","-35.000000 -29.500000","-67.000000 4.500000","","","","","",Mapa Índice 1:100.000 - Cartas disponíveis         MMA 2005]
"ACC02E68-9F6D-48F4-AA36-60056718AC8C","pt","2014-12-23T15:51:21","Registros de ocorrência de Montastraea cavernosa por Estados","","Registros de ocorrência de Montastraea cavernosa por Estados (Cadeia Vitória-Trindade, Trindade, Atol das Rocas, Fernando de Noronha e Arquipélago São Pedro e São Paulo, individualmente) na costa brasileira. Esse é um produto da Oficina de Avaliação do Estado de Conservação de Espécies do Filo Cnidaria realizado pelo ICMBio.","","","","","","","","","",Montastraea,cavernosa,Cnidaria,biota,location]
"7e7acc70-4ca6-11da-b6e0-0011253f5524","","","Plâncton da Zona Costeira e Marinha do Brasil (1999)","","","","","-28.176697 -26.027908","-48.559901 0.949404","","","","","",Plâncton         PRONABIO         MMA         Conservação         Zona Costeira         Workshops         Biodiversidade         1999]
"eae366b9-32c1-4e57-afe9-0e301dd1a7b2","","2011-04-11T18:40:04","ZEE Zona Leste e Calha Norte do Pará - Potencialidade Social (2010)","","Aspectos socioeconômicos dos municípios paraenses, com destaque para Calha Norte e Zona Leste (escopo do ZEE-PA). Dados geoestatísticos çõesobtidos a partir de diversas intitui, relacionados a malha municipal do Brasil em 1:1.000.000 (BCIM).","Define-se a potencialidade social de uma unidade territorial com base na relação entre fatores dinâmicos e fatores restritivos ao desenvolvimento sustentável, expressos em termos econômicos, políticos e socioambientais. Os fatores dinâmicos contribuem, diretamente, para a melhoria do nível e da qualidade de vida, no que tange à renda familiar, alfabetização, água consumida, disponibilidade e qualidade de solos agriculturáveis, organização social e acesso aos serviços públicos, tais como educação e saúde. Os fatores restritivos contrapõem-se aos dinâmicos, traduzindo-se, dentre outros aspectos, em baixo nível de escolaridade, alta concentração de renda e posse da terra.","urn:ogc:def:crs:::SIRGAS_2000","884468,239513 -979196,974979","-547223,721334 395500,379299","","","","","",Socioeconomia, Pará,society]
"4df8a1b0-47df-11da-a33e-0011253f5524","","","Recursos Socioeconômicos da Bacia do Ceará e Potiguar - Cartas Operacionais 2004","","","","","-35.149864 -5.889010","-38.914876 -3.490927","","","","","",Recursos Sócioeconômicos         Bacias do Ceará e Potiguar (2004)         Cartas Operacionais         MMA/ IBAMA/ ANP]
"178182B7-1CE6-45F2-A094-DF8EE2C0B97F","pt","2014-12-23T14:54:50","Registros de ocorrência de Madracis decactis por Estados","","Registros de ocorrência de Madracis decactis por Estados (Cadeia Vitória-Trindade, Trindade, Atol das Rocas, Fernando de Noronha e Arquipélago São Pedro e São Paulo, individualmente) na costa brasileira. Esse é um produto da Oficina de Avaliação do Estado de Conservação de Espécies do Filo Cnidaria realizado pelo ICMBio.","","","","","","","","","",Madracis,decactis,cnidaria,biota,location]
"d1376ef0-47d8-11da-a33e-0011253f5524","","","Flora em Fragmentos de Mata Atlântica","","","","","-37.260261 -21.228183","-44.766588 -10.430914","","","","","",Flora em Fragmentos de Mata Atlântica         PROBIO/ IESB         CI do Brasil         UFMG         Nepam/Unicamp         Corredor da Biodiversidade,Mata Atlântica         Bahia,1999]
"2cf69e90-47df-11da-a33e-0011253f5524","","","Hipsografia - pontual","","","","","-35.500470 -29.749479","-55.246678 -9.374303","","","","","",Hipsografia         IBGE/SPRN/SIEG,REQUIRED: Reference to a formally registered thesaurus or a similar authoritative source of theme keywords.]
"feab6c50-47de-11da-a33e-0011253f5524","","","Correntes Marítimas - cartas SAO","","","","","-34.849021 -6.451030","-41.145025 -2.566194","","","","","",Correntes Marítimas         MMA/ IBAMA/ ANP]
"a27818c0-4ca7-11da-b6e0-0011253f5524","","","Banhados da Zona Costeira e Marinha do Brasil (1999)","","","","","-34.836857 -33.743128","-53.542279 4.423758","","","","","",Banhados         PRONABIO         MMA         Conservação         Zona Costeira         Workshops         Biodiversidade         1999]
"3A30134E-1C18-4E41-BBCE-02AE9ADA4885","pt","2014-12-23T16:25:26","Registros de ocorrência de Scolymia wellsi por Estados","","Registros de ocorrência de Scolymia wellsi por Estados (Cadeia Vitória-Trindade, Trindade, Atol das Rocas, Fernando de Noronha e Arquipélago São Pedro e São Paulo, individualmente) na costa brasileira. Esse é um produto da Oficina de Avaliação do Estado de Conservação de Espécies do Filo Cnidaria realizado pelo ICMBio.","","","","","","","","","",Scolymia,wellsi,Cnidaria,biota,location]
"726a2780-4c5d-11da-a33e-0011253f5524","","","Assentamentos Rurais no Sergipe (2004)","","","","","-36.576560 -11.540641","-38.117703 -9.578415","","","","","",Assentamento Rural         SEPLANTEC         Atlas Digital sobre Recursos Hídricos,Sergipe         Mata Atlântica         Caatinga,2004]
"9423051b-5e3a-4729-b738-8f7d36c00e3f","por","2015-08-25T14:24:15","PAC 4º Balanço - Transmissão de Energia Elétrica","","Empreendimentos pertencentes a Carteira do PAC. Dados do 4º balanço do PAC, referentes ao mês de abril de 2012 e fornecem informações acerca de todos os empreendimentos presentes na carteira de projetos do programa. Subeixo: Energia, Tipo: Transmissão Elétrica. Escala 1:2.500.000. Sistema de referência: SIRGAS2000.","Os dados foram gerados em escala de planejamento, podendo conter imprecisões, quando avaliado ao nível intra-municipal.","urn:ogc:def:crs:EPSG:6.6:4326","-28.83 -33.75","-74.00 5.27","http://www.visualizador.inde.gov.br/VisualizaCamada/565","","","","OGC:WMS-1.1.1-http-get-map",]
"8306a1e0-47df-11da-a33e-0011253f5524","","","ZEE da Área do Entorno do Distrito Federal em Goiás.","","","","","-46.809338 -17.365454","-49.219730 -14.542493","","","","","",ZEE da Área do Entorno do DF em Goiás         IBGE/SEPLAN         1994]
"58b0c5b0-47df-11da-a33e-0011253f5524","","","Redelimitação do Semi-Árido Nordestino","","","","","-35.272331 -17.656190","-46.120334 -3.090374","","","","","",Redelimitação do Semi-Árido Nordestino         Secretaria de Políticas de Desenvolvimento Regional]
"814f3ffe-8733-4f0e-9e35-b4a17c776d6b","por","2015-08-25T14:22:02","PAC 4º Balanço - Praças dos Esportes e da Cultura","","Empreendimentos pertencentes a Carteira do PAC. Dados do 4º balanço do PAC, referentes ao mês de abril de 2012 e fornecem informações acerca de todos os empreendimentos presentes na carteira de projetos do programa. Subeixo: Comunidade Cidadã, Tipo: praças dos esportes e da cultura. Escala 1:2.500.000. Sistema de referência: SIRGAS2000.","Os dados foram gerados em escala de planejamento, podendo conter imprecisões, quando avaliado ao nível intra-municipal.","urn:ogc:def:crs:EPSG:6.6:4326","-28.83 -33.75","-74.00 5.27","http://www.visualizador.inde.gov.br/VisualizaCamada/559","","","","OGC:WMS-1.1.1-http-get-map",]
"03bdf100-4ca7-11da-b6e0-0011253f5524","","","Aves do Ambiente Marinho do Brasil (1999)","","","","","-28.303691 -33.748972","-53.415926 4.431112","","","","","",Aves do Ambiente Marinho do Brasil         PRONABIO         MMA         Conservação         Zona Costeira         Workshops         Biodiversidade         1999]
"3b730745-39a4-4746-9f25-c57570a27aa3","por","2014-06-09T10:17:11","Modelo Digital de Terreno referente à carta 1:50.000_2955-3_TAINHAS","","O Modelo Digital de Terreno foi gerado com resolução espacial de 10 m, a partir de curvas de nível e pontos cotados constantes de cartas topográficas do mapeamento sistemático brasileiro. No referencial geodésico WGS-84 e coordenadas Geográficas.","Fonte dos dados Carta topográfica na escala 1:50.000_2955-3_TAINHAS. As curvas de nível apresentam equidistância vertical de 20 m. A exatidão pode variar num intervalo +- 10 m a 15 m na componente altimétrica. Etapas: O MDT teve origem nos dados altimétricos 3D da Carta topográfica gerado a partir de um  modelo TIN e exportado para o formato BT.","urn:ogc:def:crs:EPSG:6.6:4326","-50.25000000000001 -29.500000000000004","-50.5 -29.25","","","","","",]
"a13825dc-a5e0-4b47-b2f2-102fc91d15b6","por","2015-08-25T14:24:36","PAC 4º Balanço - Equipamentos Estradas Vicinais","","Empreendimentos pertencentes a Carteira do PAC. Dados do 4º balanço do PAC, referentes ao mês de abril de 2012 e fornecem informações acerca de todos os empreendimentos presentes na carteira de projetos do programa. Subeixo: Transportes, Tipo: Equipamentos de estradas vicinais. Escala 1:2.500.000. Sistema de referência: SIRGAS2000.","Os dados foram gerados em escala de planejamento, podendo conter imprecisões, quando avaliado ao nível intra-municipal.","urn:ogc:def:crs:EPSG:6.6:4326","-28.83 -33.75","-74.00 5.27","http://www.visualizador.inde.gov.br/VisualizaCamada/546","","","","OGC:WMS-1.1.1-http-get-map",]
"8a1ff5c3-d929-47a4-a916-3b138e890ba0","por","2015-08-25T14:21:44","PAC 4º Balanço - Saneamento","","Empreendimentos pertencentes a Carteira do PAC. Dados do 4º balanço do PAC, referentes ao mês de abril de 2012 e fornecem informações acerca de todos os empreendimentos presentes na carteira de projetos do programa. Subeixo Cidade Melhor, Tipo: Saneamento. Escala 1:2.500.000. Sistema de referência: SIRGAS2000.","Os dados foram gerados em escala de planejamento, podendo conter imprecisões, quando avaliado ao nível intra-municipal.","urn:ogc:def:crs:EPSG:6.6:4326","-28.83 -33.75","-74.00 5.27","http://www.visualizador.inde.gov.br/VisualizaCamada/564","","","","OGC:WMS-1.1.1-http-get-map",]
"d72f5c62-24e3-4bf2-94a2-008a8500084a","por","2015-08-25T14:20:15","PAC 4º Balanço - Urbanização de Assentamentos Precarios","","Empreendimentos pertencentes a Carteira do PAC. Dados do 4º balanço do PAC, referentes ao mês de abril de 2012 e fornecem informações acerca de todos os empreendimentos presentes na carteira de projetos do programa. Subeixo: Minha Casa Minha Vida, Tipo: Urbanização de Assentamentos Precarios. Escala 1:2.500.000. Sistema de referência: SIRGAS2000.","Os dados foram gerados em escala de planejamento, podendo conter imprecisões, quando avaliado ao nível intra-municipal.","urn:ogc:def:crs:EPSG:6.6:4326","-28.83 -33.75","-74.00 5.27","http://www.visualizador.inde.gov.br/VisualizaCamada/568","","","","OGC:WMS-1.1.1-http-get-map",]
"57a416b6-da35-4034-bf10-454841647240","por","2013-10-25T10:02:03","PAC 4º Balanço - Ferrovias","","Empreendimentos pertencentes a Carteira do PAC. Dados do 4º balanço do PAC, referentes ao mês de abril de 2012 e fornecem informações acerca de todos os empreendimentos presentes na carteira de projetos do programa. Subeixo: Transportes, Tipo: Ferrovias. Escala 1:2.500.000. Sistema de referência: SIRGAS2000.","Os dados foram gerados em escala de planejamento, podendo conter imprecisões, quando avaliado ao nível intra-municipal.","urn:ogc:def:crs:EPSG:6.6:4326","-28.83 -33.75","-74.00 5.27","http://www.visualizador.inde.gov.br/VisualizaCamada/547","","","","OGC:WMS-1.1.1-http-get-map",]
"e2460875-e3b7-4443-8231-86f35e9a6f03","por","2015-08-25T14:23:57","PAC 4º Balanço - Petróleo e Gás Natural","","Empreendimentos pertencentes a Carteira do PAC. Dados do 4º balanço do PAC, referentes ao mês de abril de 2012 e fornecem informações acerca de todos os empreendimentos presentes na carteira de projetos do programa. Subeixo: Energia, Tipo: Petroleo e Gás Natural. Escala 1:2.500.000. Sistema de referência: SIRGAS2000.","Os dados foram gerados em escala de planejamento, podendo conter imprecisões, quando avaliado ao nível intra-municipal.","urn:ogc:def:crs:EPSG:6.6:4326","-28.83 -33.75","-74.00 5.27","http://www.visualizador.inde.gov.br/VisualizaCamada/558","","","","OGC:WMS-1.1.1-http-get-map",]
"66a69e41-1c47-44c9-85e0-ffd4e26df6cc","por","2011-02-02T10:30:24","Carta Topográfica Matricial 1:50.000 - AREALVA  SF-22-Z-B-II-1 MI 2704-1","","Esta folha é parte integrante da série Carta Topográfica 1:50.000, uma das escalas que compõem o Sistema Cartográfico Nacional – SCN. O IBGE desenvolve a produção desta série em conjunto com a Diretoria de Serviço Geográfico – DSG. Cada folha 1:50.000 abrange um quadrilátero geográfico de 15’ de latitude e 15’ de longitude. O presente conjunto de dados matriciais representa a carta analógica convertida para o meio digital.","O presente conjunto de dados é obtido por digitalização automática de fotolitos em scanner monocromático, com resolução ótica de 400 dpi, com interpolação para 800 dpi.","urn:ogc:def:crs:::SAD 69","-48.750 -22.250","-49.000 -22.000","http://www.ibge.gov.br/home/geociencias/dowload/arquivos/index1.shtm","http://200.255.9.14:80/geonetwork/srv/en/resources.get?id=12736&fname=&access=private","","","OGC:WMS-1.1.1-http-get-map",Cartografia,AREALVA / SP,Carta Topográfica Matricial,]
"c4d1bfcf-d2c9-4ba5-8a29-4a6eb7014a7f","por","2015-08-28T17:12:03","Atlas do Censo Demográfico 2010 - Limites Estaduais - 2010","","Emancipação municipal. Nota: A unidade da federação Distrito Federal não é o mesma ao longo do tempo (1872 até 2010). Os estados constituem as unidades de maior hierarquia dentro da organização político-administrativa do País. Distrito Federal é a unidade autônoma onde tem sede o Governo Federal com seus poderes Executivo, Legislativo e Judiciário. IBGE, Censo Demográfico, 1991, 2000 e 2010.","Dados do Censo Demográfico 2010; Malha Municipal produzida pela DGC/CETE-IBGE; Base cartográfica produzida pela DGC/CCAR-IBGE.","urn:ogc:def:crs:::SIRGAS2000","-34.79292 -33.74112","-74.00459 5.27271","http://censo2010.ibge.gov.br/apps/atlas/","http://www.metadados.geo.ibge.gov.br/geonetwork_ibge/srv/en/resources.get?uuid=c4d1bfcf-d2c9-4ba5-8a29-4a6eb7014a7f&fname=&access=private","http://metadados.geo.ibge.gov.br:80/geonetwork_ibge/srv/eng/resources.get?uuid=c4d1bfcf-d2c9-4ba5-8a29-4a6eb7014a7f&fname=63_s.png","http://metadados.geo.ibge.gov.br:80/geonetwork_ibge/srv/eng/resources.get?uuid=c4d1bfcf-d2c9-4ba5-8a29-4a6eb7014a7f&fname=63.png","OGC:WMS-1.1.1-http-get-map",Atlas do Censo Demográfico 2010,Divisão político-administrativa,Território,Sede municipal,]
"ac3c7680-c9ec-402b-96fb-c7cbe2d04a58","por","2014-04-10T10:26:29","Modelo Digital de Terreno referente à carta 1:25.000_2260-1-NO_CORREGO_SAO_BERNARDO","","O Modelo Digital de Terreno foi gerado com resolução espacial de 5 m, a partir de curvas de nível e pontos cotados constantes de cartas topográficas do mapeamento sistemático brasileiro no referencial geodésico WGS-84 e coordenadas Geográficas.","Fonte dos dados Carta topográfica na escala 1:25.000 - 2260-1-NO - CORREGO SAO BERNARDO. As curvas de nível apresentam equidistância vertical de 10 m. A exatidão pode variar num intervalo +- 5 m a 7,5 m na componente altimétrica. Etapas: O MDT teve origem nos dados altimétricos 3D da Carta topográfica gerado a partir de um  modelo TIN e exportado para o formato BT.","urn:ogc:def:crs:EPSG:6.6:4326","-47.375 -16.125","-47.5 -16","","","","","",]
"2f2eae39-1935-4028-bbc0-b81700a50e28","por","2014-08-13T11:17:34","Atlas do Censo Demográfico 2010 - Emigrante Por Município Segundo País De Destino (Estados Unidos) - 2010","","Emigrante por Município segundo país de destino (Estados Unidos) - 2010. Brasileiros residentes nos Estados Unidos segundo município de origem. IBGE  Censo Demográfico 2010.","Dados do Censo Demográfico 2010; Malha Municipal produzida pela DGC/CETE-IBGE; Base cartográfica produzida pela DGC/CCAR-IBGE.","urn:ogc:def:crs:::SIRGAS2000","-34.79292 -33.74112","-74.00459 5.27271","http://censo2010.ibge.gov.br/apps/atlas/","http://metadados.geo.ibge.gov.br/geonetwork_ibge/srv/en/resources.get?uuid=2f2eae39-1935-4028-bbc0-b81700a50e28&fname=&access=private","http://metadados.geo.ibge.gov.br:80/geonetwork_ibge/srv/eng/resources.get?uuid=2f2eae39-1935-4028-bbc0-b81700a50e28&fname=12_s.png","http://metadados.geo.ibge.gov.br:80/geonetwork_ibge/srv/eng/resources.get?uuid=2f2eae39-1935-4028-bbc0-b81700a50e28&fname=12.png","OGC:WMS-1.1.1-http-get-map",Atlas do Censo Demográfico 2010,Demografia,Migração,Municípios,]
"474b2f44-6159-47ca-a970-73f1a53d5094","por","2015-08-28T17:13:47","Atlas do Censo Demográfico - Razão de Sexo Urbana - 2010","","Razão de Sexo Urbana.  (nº homens em domicílios em situação urbana/ nº mulheres em domicílios em situação urbana) x 100.  A razão de sexo corresponde à razão entre o número de homens e o número de mulheres em uma população.   Fonte: IBGE, Censo Demográfico 2010 e Malha Municipal 2010.","Dados do Censo Demográfico 2010; Malha Municipal produzida pela DGC/CETE-IBGE; Base cartográfica produzida pela DGC/CCAR-IBGE.","urn:ogc:def:crs:::SIRGAS2000","-34.79292 -33.74112","-74.00459 5.27271","http://censo2010.ibge.gov.br/apps/atlas/","http://www.metadados.geo.ibge.gov.br/geonetwork_ibge/srv/en/resources.get?uuid=474b2f44-6159-47ca-a970-73f1a53d5094&fname=&access=private","http://metadados.geo.ibge.gov.br:80/geonetwork_ibge/srv/eng/resources.get?uuid=474b2f44-6159-47ca-a970-73f1a53d5094&fname=78_s.png","http://metadados.geo.ibge.gov.br:80/geonetwork_ibge/srv/eng/resources.get?uuid=474b2f44-6159-47ca-a970-73f1a53d5094&fname=78.png","OGC:WMS-1.1.1-http-get-map",Atlas do Censo Demográfico 2010,Demografia,Razão de Sexo,Urbana,]
"b650b516-ec5d-4201-9bb7-49591afa0341","por","2015-09-01T14:15:16","Atlas do Censo Demográfico 2010 - Densidade Populacional por Setores Censitários do Paraná - 2010","","Densidade Populacional 2010-PR. Densidade Demográfica = População Total / Área Total. A taxa geométrica de crescimento da população total foi representada por microrregião geográfica. A camada representa a distribuição espacial dos valores do crescimento geométrico da população do Paraná em 2010. Fonte: IBGE, Censo Demográfico 2010.","Dados do Censo Demográfico 2010; Malha Municipal produzida pela DGC/CETE-IBGE; Base cartográfica produzida pela DGC/CCAR-IBGE.","urn:ogc:def:crs:::SIRGAS2000","-48.02354 -26.71712","-54.6193 -22.516295164905","http://censo2010.ibge.gov.br/apps/atlas/","","http://metadados.geo.ibge.gov.br:80/geonetwork_ibge/srv/eng/resources.get?uuid=b650b516-ec5d-4201-9bb7-49591afa0341&fname=98_u_s.png","http://metadados.geo.ibge.gov.br:80/geonetwork_ibge/srv/eng/resources.get?uuid=b650b516-ec5d-4201-9bb7-49591afa0341&fname=98_u.png","OGC:CSW",Atlas do Censo Demográfico 2010,Demografia,População,Densidade Populacional,Taxa Geométrica,]
"1644eb82-0aa3-47b8-929a-21a1faea1b8c","por","2015-08-25T14:23:36","PAC 4º Balanço - Marinha Mercante","","Empreendimentos pertencentes a Carteira do PAC. Dados do 4º balanço do PAC, referentes ao mês de abril de 2012 e fornecem informações acerca de todos os empreendimentos presentes na carteira de projetos do programa. Subeixo: Energia, Tipo: Marinha Mercante. Escala 1:2.500.000. Sistema de referência: SIRGAS2000.","Os dados foram gerados em escala de planejamento, podendo conter imprecisões, quando avaliado ao nível intra-municipal.","urn:ogc:def:crs:EPSG:6.6:4326","-28.83 -33.75","-74.00 5.27","http://www.visualizador.inde.gov.br/VisualizaCamada/555","","","","OGC:WMS-1.1.1-http-get-map",]
"a0df4aed-cc8b-4289-add0-14c74377b3d9","por","2015-07-29T18:43:39","Atlas do Censo Demográfico 2010 - Mesorregiões Geográficas - 2010","","Divisão territorial por Mesorregiões geográficas. Recorte territorial por mesorregiões geográficas, que são porções territoriais com alguma homogeneidade, utilizadas em geral para gestão territorial e afins. IBGE, malha  de meso e microrregião geográfica digital do Brasil - 2007","Dados do Censo Demográfico 2010; Malha Municipal produzida pela DGC/CETE-IBGE; Base cartográfica produzida pela DGC/CCAR-IBGE","urn:ogc:def:crs:::SIRGAS2000","-34.79292 -33.74112","-74.00459 5.27271","http://www.geoservicos.ibge.gov.br/geoserver/CGEO/wms?service=WMS&version=1.1.0&request=GetMap&layers=CGEO:C02_mesorregioes_2010&styles=&bbox=-73.9904499691907,-33.7520812703344,-28.8360947066054,5.27184107680427&width=512&height=442&srs=EPSG:4674&format=application/openlayers","http://metadados.geo.ibge.gov.br/geonetwork_ibge/srv/en/resources.get?uuid=a0df4aed-cc8b-4289-add0-14c74377b3d9&fname=&access=private","http://metadados.geo.ibge.gov.br:80/geonetwork_ibge/srv/eng/resources.get?uuid=a0df4aed-cc8b-4289-add0-14c74377b3d9&fname=66_s.png","http://metadados.geo.ibge.gov.br:80/geonetwork_ibge/srv/eng/resources.get?uuid=a0df4aed-cc8b-4289-add0-14c74377b3d9&fname=66.png","OGC:WMS-1.1.1-http-get-map",Atlas do Censo Demográfico 2010,Divisão político-administrativa,Mesorregião,]
"4be611c0-550c-46b4-a370-2a9a5c150c7a","por","2015-08-28T17:10:42","Atlas do Censo Demográfico 2010 - Número de pessoas - Belém - 2010","","Fluxo de migrantes para Belém com mais de 300 pessoas. Dados agregados por Área de Concentração de População quando aplicável.   IBGE, Censo Demográfico 2010.","Dados do Censo Demográfico 2010; Malha Municipal produzida pela DGC/CETE-IBGE; Base cartográfica produzida pela DGC/CCAR-IBGE.","urn:ogc:def:crs:::SIRGAS2000","-34.79292 -33.74112","-74.00459 5.27271","http://censo2010.ibge.gov.br/apps/atlas/","http://www.metadados.geo.ibge.gov.br/geonetwork_ibge/srv/en/resources.get?uuid=4be611c0-550c-46b4-a370-2a9a5c150c7a&fname=&access=private","http://metadados.geo.ibge.gov.br:80/geonetwork_ibge/srv/eng/resources.get?uuid=4be611c0-550c-46b4-a370-2a9a5c150c7a&fname=139_s.png","http://metadados.geo.ibge.gov.br:80/geonetwork_ibge/srv/eng/resources.get?uuid=4be611c0-550c-46b4-a370-2a9a5c150c7a&fname=139.png","OGC:WMS-1.1.1-http-get-map",Atlas do Censo Demográfico 2010,Deslocamento,Migração,Procedência,]
"42db0373-3035-47b3-b547-264b18ae8aab","por","2015-08-28T14:52:47","Atlas do Censo Demográfico 2010 - Densidade Populacional por Setores Censitários do Rio de Janeiro - 2010","","Densidade Populacional 2010-RJ. Densidade Demográfica = População Total / Área Total. A taxa geométrica de crescimento da população total foi representada por microrregião geográfica. A camada representa a distribuição espacial dos valores do crescimento geométrico da população do Rio de Janeiro em 2010. Fonte: IBGE, Censo Demográfico 2010.","Dados do Censo Demográfico 2010; Malha Municipal produzida pela DGC/CETE-IBGE; Base cartográfica produzida pela DGC/CCAR-IBGE.","urn:ogc:def:crs:::SIRGAS2000","-40.82856 -24.651","-44.95809 -20.62442","http://censo2010.ibge.gov.br/apps/atlas/","http://www.metadados.geo.ibge.gov.br/geonetwork_ibge/srv/en/resources.get?uuid=42db0373-3035-47b3-b547-264b18ae8aab&fname=&access=private","http://metadados.geo.ibge.gov.br:80/geonetwork_ibge/srv/eng/resources.get?uuid=42db0373-3035-47b3-b547-264b18ae8aab&fname=98_s_s.png","http://metadados.geo.ibge.gov.br:80/geonetwork_ibge/srv/eng/resources.get?uuid=42db0373-3035-47b3-b547-264b18ae8aab&fname=98_s.png","OGC:WMS-1.1.1-http-get-map",Atlas do Censo Demográfico 2010,Demografia,População,Densidade Populacional,Taxa Geométrica,]
"e590e972-76f4-4ed3-9e02-8afa991a0449","por","2015-09-02T12:09:44","Atlas do Censo Demográfico 2010 - Percentual do rendimento domiciliar médio mensal gasto com aluguel mensal","","Percentual do rendimento domiciliar gasto com aluguel.  (valor médio do aluguel / rendimento nominal mensal domiciliar médio) x 100. Os números apresentados correspondem somente aos valores dos domicílios alugados em situação urbana. O valor do aluguel corresponde à media dos aluguéis pagos nos domicílios alugados em situação urbana. O valor do rendimento domiciliar corresponde à média dos rendimentos dos domicílios alugados em situação urbana. Aluguel mensal: para os domicílios particulares permanentes alugados, investigou-se o valor do aluguel, pago ou devido, relativo ao mês de referência, sem incluir o imposto predial e territorial urbano - IPTU e o condomínio; Rendimento nominal mensal domiciliar: considerou-se como rendimento mensal domiciliar a soma dos rendimentos mensais dos moradores do domicílio particular permanente, exclusive os dos moradores de menos de 10 anos de idade e os daqueles cuja condição no domicílio particular fosse pensionista, empregado doméstico ou parente do empregado doméstico.  IBGE, Censo Demográfico 2010 e Malha Municipal 2010.","OBS: a geometria utilizada para a Área de Ponderação é preliminar (2012) e foi elaborada pela Coordenação de Geografia pra fins de elaboração do Atlas do Censo Demográfico 2010. A versão final da geometria encontra-se na área de download da página do IBGE, sub-item  geociências/malha_digitais .   Dados do Censo Demográfico 2010; Malha Municipal produzida pela DGC/CETE-IBGE; Base cartográfica produzida pela DGC/CCAR-IBGE","urn:ogc:def:crs:::SIRGAS2000","-34.79292 -33.74112","-74.00459 5.27271","http://www.geoservicos.ibge.gov.br/geoserver/CGEO/wms?service=WMS&version=1.1.0&request=GetMap&layers=CGEO:C07_percent_rend_domiciliar_gasto_aluguel_2010&styles=&bbox=-72.9165010261308,-33.6875668687296,-32.4351863280529,4.58544038754255&width=512&height=484&srs=EPSG:4674&format=application/openlayers","http://www.metadados.geo.ibge.gov.br/geonetwork_ibge/srv/en/resources.get?uuid=e590e972-76f4-4ed3-9e02-8afa991a0449&fname=&access=private","http://www.metadados.geo.ibge.gov.br:80/geonetwork_ibge/srv/eng/resources.get?uuid=e590e972-76f4-4ed3-9e02-8afa991a0449&fname=CGEO-C07_percent_rend_domiciliar_gasto_aluguel_2010_2_s.png","http://www.metadados.geo.ibge.gov.br:80/geonetwork_ibge/srv/eng/resources.get?uuid=e590e972-76f4-4ed3-9e02-8afa991a0449&fname=CGEO-C07_percent_rend_domiciliar_gasto_aluguel_2010_2.png","OGC:WMS-1.1.1-http-get-map",Atlas do Censo Demográfico 2010,Habitação,Aluguel,Rendimento domiciliar,Gasto,]
"1c59b8a3-572d-49e3-baff-3ba365bab052","por","2015-08-28T14:51:25","Atlas do Censo Demográfico 2010 - Idade Média ao Casar - 2010","","Idade média ao casar. A idade média ao casar foi calculada para pessoas de 15 anos ou mais de idade, com base na técnica Singulate Mean Age at Marriage - SMAM, desenvolvida por Hajnal (1953).  Idade: a investigação foi feita por meio da pesquisa do mês e ano de nascimento. Para as pessoas que não sabiam o mês e o ano de nascimento, foi investigada a idade, na data de referência, em anos completos ou em meses completos para as crianças com menos de um ano. A idade foi calculada em relação à data de referência. Fonte: IBGE, Censo Demográfico 2010 e Malha Municipal 2010.","Dados do Censo Demográfico 2010; Malha Municipal produzida pela DGC/CETE-IBGE; Base cartográfica produzida pela DGC/CCAR-IBGE.","urn:ogc:def:crs:::SIRGAS2000","-34.79292 -33.74112","-74.00459 5.27271","http://censo2010.ibge.gov.br/apps/atlas/","http://www.metadados.geo.ibge.gov.br/geonetwork_ibge/srv/en/resources.get?uuid=1c59b8a3-572d-49e3-baff-3ba365bab052&fname=&access=private","http://metadados.geo.ibge.gov.br:80/geonetwork_ibge/srv/eng/resources.get?uuid=1c59b8a3-572d-49e3-baff-3ba365bab052&fname=81_s.png","http://metadados.geo.ibge.gov.br:80/geonetwork_ibge/srv/eng/resources.get?uuid=1c59b8a3-572d-49e3-baff-3ba365bab052&fname=81.png","OGC:WMS-1.1.1-http-get-map",Atlas do Censo Demográfico 2010,Demografia,Idade,casar,casamento,]
"f9acae81-e2c4-44ef-b79a-0b2860783a40","por","2015-08-28T13:49:51","Atlas do Censo Demográfico 2010 - Número de Estabelecimentos Rurais com Tratores de 100cv e mais - 2010","","Número de estabelecimentos rurais com tratores de 100cv e mais. Fonte: IBGE, Censo Agropecuário 2006.","Dados do Censo Demográfico 2010; Malha Municipal produzida pela DGC/CETE-IBGE; Base cartográfica produzida pela DGC/CCAR-IBGE.","urn:ogc:def:crs:::SIRGAS2000","-34.79292 -33.74112","-74.00459 5.27271","http://censo2010.ibge.gov.br/apps/atlas/","http://www.metadados.geo.ibge.gov.br/geonetwork_ibge/srv/en/resources.get?uuid=f9acae81-e2c4-44ef-b79a-0b2860783a40&fname=&access=private","http://metadados.geo.ibge.gov.br:80/geonetwork_ibge/srv/eng/resources.get?uuid=f9acae81-e2c4-44ef-b79a-0b2860783a40&fname=108_s.png","http://metadados.geo.ibge.gov.br:80/geonetwork_ibge/srv/eng/resources.get?uuid=f9acae81-e2c4-44ef-b79a-0b2860783a40&fname=108.png","OGC:WMS-1.1.1-http-get-map",Atlas do Censo Demográfico 2010,Demografia,Rural,tratores,]
"9d7eca33-1825-49f0-8971-8fe74b54112e","por","2015-08-28T17:13:11","Atlas do Censo Demográfico 2010 - Região Metropolitana de Belo Horizonte","","Região Metropolitana do Belo Horizonte. Malha municipal 2010; legislações estaduais. IBGE.","Dados do Censo Demográfico 2010; Malha Municipal produzida pela DGC/CETE-IBGE; Base cartográfica produzida pela DGC/CCAR-IBGE.","urn:ogc:def:crs:::SIRGAS2000","-34.79292 -33.74112","-74.00459 5.27271","http://censo2010.ibge.gov.br/apps/atlas/","http://www.metadados.geo.ibge.gov.br/geonetwork_ibge/srv/en/resources.get?uuid=9d7eca33-1825-49f0-8971-8fe74b54112e&fname=&access=private","http://metadados.geo.ibge.gov.br:80/geonetwork_ibge/srv/eng/resources.get?uuid=9d7eca33-1825-49f0-8971-8fe74b54112e&fname=183_a_s.png","http://metadados.geo.ibge.gov.br:80/geonetwork_ibge/srv/eng/resources.get?uuid=9d7eca33-1825-49f0-8971-8fe74b54112e&fname=183_a.png","OGC:WMS-1.1.1-http-get-map",Atlas do Censo Demográfico 2010,Divisão Político-Administrativa,Região Metropolitana,Pendularidade,]
"eda0582f-9538-4380-9a2a-41a49a39ee41","eng","2014-07-22T11:00:54","TESTE CSW","","Use this template to describe a static map (eg. PDF or image) 					or an interactive map (eg. WMC).","","urn:ogc:def:crs:::WGS84","","","","http://metadados.geo.ibge.gov.br/geonetwork_ibge/srv/en/resources.get?uuid=eda0582f-9538-4380-9a2a-41a49a39ee41&fname=&access=private","","","OGC:WMC-1.1.0-http-get-capabilities",]
"67609bc9-5267-4a3c-b36e-dabc2ac8e901","por","2014-01-22T16:52:12","Atlas do Censo Demográfico 2010 - Unidade de Conservação - Uso Sustentável","","Unidade de Conservação - Uso Sustentável. Limite das Unidades de Conservação de Uso Sustentável. Fonte: IBGE, Censo Demográfico 2010.","Dados do Censo Demográfico 2010; Malha Municipal produzida pela DGC/CETE-IBGE; Base cartográfica produzida pela DGC/CCAR-IBGE.","urn:ogc:def:crs:::SIRGAS2000","-34.79292 -33.74112","-74.00459 5.27271","http://censo2010.ibge.gov.br/apps/atlas/","http://metadados.geo.ibge.gov.br/geonetwork/srv/en/resources.get?id=17931&fname=&access=private","resources.get?id=65651&fname=98_aa1_s.png&access=public","resources.get?id=65651&fname=98_aa1.png&access=public","OGC:WMS-1.1.1-http-get-map",Atlas do Censo Demográfico 2010,Território,Unidade de Conservação,Uso Sustentável,Limite,]
"99d10210-a65f-4713-acf7-7a7a45a5afce","por","2015-08-28T17:45:21","Atlas do Censo Demográfico 2010 - Região Metropolitana de São Paulo","","Região Metropolitana de São Paulo. Malha municipal 2010; legislações estaduais. IBGE.","Dados do Censo Demográfico 2010; Malha Municipal produzida pela DGC/CETE-IBGE; Base cartográfica produzida pela DGC/CCAR-IBGE.","urn:ogc:def:crs:::SIRGAS2000","-34.79292 -33.74112","-74.00459 5.27271","http://censo2010.ibge.gov.br/apps/atlas/","http://www.metadados.geo.ibge.gov.br/geonetwork_ibge/srv/en/resources.get?uuid=99d10210-a65f-4713-acf7-7a7a45a5afce&fname=&access=private","http://metadados.geo.ibge.gov.br:80/geonetwork_ibge/srv/eng/resources.get?uuid=99d10210-a65f-4713-acf7-7a7a45a5afce&fname=179_s.png","http://metadados.geo.ibge.gov.br:80/geonetwork_ibge/srv/eng/resources.get?uuid=99d10210-a65f-4713-acf7-7a7a45a5afce&fname=179.png","OGC:WMS-1.1.1-http-get-map",Atlas do Censo Demográfico 2010,Divisão Político-Administrativa,Região Metropolitana,]
"09c230c0-e72a-4fa9-868a-59c350cd17de","por","2011-07-08T16:53:45","Ortofoto 1:25.000 - PARQUE ESTADUAL DA PEDRA BRANCA SF-23-Z-B-IV-3-SO 2745-3-SO","","O ortofotomosaico 1:25.000, que integra o projeto RJ-25, é formado por um mosaico de fotografias aéreas coloridas ortorretificadas, articulado por folhas segundo o recorte do mapeamento sistemático brasileiro. Abrange um quadrilátero geográfico de 07'30'' de latitude por 07'30'' de longitude, não existindo representação de curvas de nível e pontos cotados.","Mapeamento executado a partir de fotografias aéreas.","urn:ogc:def:crs:::SIRGAS2000","-43.375 -23","-43.5 -22.875","","http://200.255.9.14:80/geonetwork/srv/en/resources.get?id=6773&fname=&access=private","resources.get?id=69270&fname=GIM_FIGMGB_OrtofotoPARQUE ESTADUAL DA PEDRA BRANCA27453so_set2010_s.png&access=public","","OGC:WMS-1.1.1-http-get-map",PARQUE ESTADUAL DA PEDRA BRANCA /RJ,Ortofoto,Mapeamento Topográfico,Aerolevantamento,]
"120e3ab0-5f79-454a-9885-f3e12bce69e4","por","2011-02-16T10:11:16","Carta Topográfica Matricial 1:50.000 - RIO ACIMA  SF-23-X-A-III-1 MI 2573-1","","Esta folha é parte integrante da série Carta Topográfica 1:50.000, uma das escalas que compõem o Sistema Cartográfico Nacional – SCN. O IBGE desenvolve a produção desta série em conjunto com a Diretoria de Serviço Geográfico – DSG. Cada folha 1:50.000 abrange um quadrilátero geográfico de 15’ de latitude e 15’ de longitude. O presente conjunto de dados matriciais representa a carta analógica convertida para o meio digital.","O presente conjunto de dados é obtido por digitalização automática de fotolitos em scanner monocromático, com resolução ótica de 400 dpi, com interpolação para 800 dpi.","urn:ogc:def:crs:::SAD 69","-43.750 -20.250","-44.000 -20.000","http://www.ibge.gov.br/home/geociencias/dowload/arquivos/index1.shtm","http://200.255.9.14:80/geonetwork/srv/en/resources.get?id=13252&fname=&access=private","","","OGC:WMS-1.1.1-http-get-map",Cartografia,RIO ACIMA / MG,Carta Topográfica Matricial,]
"a0c74f85-5296-47a1-ad3a-6210eb633b5e","por","2014-10-03T11:21:31","Arranjos Populacionais- Arranjos Populacionais e Concentrações Urbanas no Maranhão","","Arranjos Populacionais e Concentrações Urbanas no Maranhão. Consideram-se concentrações urbanas os arranjos populacionais e os municípios isolados com mais de 100.000 habitantes. Os municípios isolados são aqueles que não fazem parte de arranjos populacionais. Para maiores esclarecimento sobre  Arranjos Populacionais  e  Concentrações Urbanas  acessar a publicação  Arranjos Populacionais do IBGE . IBGE/DGC/Coordenação de Geografia; IBGE/DGC/Coordenação de Cartografia;  IBGE/DGC/Coordenação de Estrut. Territoriais IBGE, Censo Demográfico 2010.","- Base Cartográfica produzida pela DGC/CCAR-IBGE; - Malha Municipal produzida pela DGC/CETE-IBGE; - Base de Dados produzida pela DGC/CGEO-IBGE a partir dos dados do Censo Demográfico 2010.","urn:ogc:def:crs:::SIRGAS2000","-28.836 -33.752","-73.991 5.272","","http://metadados.geo.ibge.gov.br/geonetwork_ibge/srv/en/resources.get?uuid=a0c74f85-5296-47a1-ad3a-6210eb633b5e&fname=&access=private","http://metadados.geo.ibge.gov.br:80/geonetwork_ibge/srv/eng/resources.get?uuid=a0c74f85-5296-47a1-ad3a-6210eb633b5e&fname=208_Mapa1_8_MA_s.png","http://metadados.geo.ibge.gov.br:80/geonetwork_ibge/srv/eng/resources.get?uuid=a0c74f85-5296-47a1-ad3a-6210eb633b5e&fname=208_Mapa1_8_MA.png","OGC:WMS-1.1.1-http-get-map",Arranjos Populacionais e Concentrações Urbanas do Brasil,Geografia Urbana,Arranjos populacionais,Concentrações Urbanas,Movimentos pendulares,Maranhão,]
"fc06bf1b-f703-45db-8f86-e60083a6c1e1","por","2015-08-18T18:34:03","Atlas Nacional do Brasil Milton Santos - Prancha 88 - Migrantes na População","","Mapa retratando a proporção de migrantes ( população não natural) na população total municipal segundo dados do Censo Demografico 2000, IBGE","","urn:ogc:def:crs:EPSG:6.6:4326","-34.79292 -33.74112","-74.00459 5.27271","ftp://geoftp.ibge.gov.br/atlas/atlas_nacional_do_brasil_2010/3_sociedade_e_economia/atlas_nacional_do_brasil_2010_pagina_136_populacao_nao_natural_na_populacao_total_2000.pdf","http://metadados.geo.ibge.gov.br/geonetwork_ibge/srv/en/resources.get?uuid=fc06bf1b-f703-45db-8f86-e60083a6c1e1&fname=&access=private","http://metadados.geo.ibge.gov.br:80/geonetwork_ibge/srv/eng/resources.get?uuid=fc06bf1b-f703-45db-8f86-e60083a6c1e1&fname=atlas_nacional_do_brasil_2010_pagina_136_populacao_nao_natural_na_populacao_total_2000-page-001_s.png","http://metadados.geo.ibge.gov.br:80/geonetwork_ibge/srv/eng/resources.get?uuid=fc06bf1b-f703-45db-8f86-e60083a6c1e1&fname=atlas_nacional_do_brasil_2010_pagina_136_populacao_nao_natural_na_populacao_total_2000-page-001.png","",Demografia,População,Migrantes,]
"b5bbe290-a535-11da-a7a5-0011253f5524","","","Hipsografia - poligonal","","","","","-38.953476 -27.548414","-65.490893 4.436107","","","","","",REQUIRED: Reference to a formally registered thesaurus or a similar authoritative source of theme keywords.         Hipsografia         IBGE/SPRN/SIEG]
"bedbddeb-0a3d-4015-93ef-8a513ffa7fa1","por","2011-02-16T10:13:18","Carta Topográfica Matricial 1:50.000 - RIO CASCA  SF-23-X-B-II-2 MI 2575-2","","Esta folha é parte integrante da série Carta Topográfica 1:50.000, uma das escalas que compõem o Sistema Cartográfico Nacional – SCN. O IBGE desenvolve a produção desta série em conjunto com a Diretoria de Serviço Geográfico – DSG. Cada folha 1:50.000 abrange um quadrilátero geográfico de 15’ de latitude e 15’ de longitude. O presente conjunto de dados matriciais representa a carta analógica convertida para o meio digital.","O presente conjunto de dados é obtido por digitalização automática de fotolitos em scanner monocromático, com resolução ótica de 400 dpi, com interpolação para 800 dpi.","urn:ogc:def:crs:::SAD 69","-42.500 -20.250","-42.750 -20.000","http://www.ibge.gov.br/home/geociencias/dowload/arquivos/index1.shtm","http://200.255.9.14:80/geonetwork/srv/en/resources.get?id=13255&fname=&access=private","","","OGC:WMS-1.1.1-http-get-map",Cartografia,RIO CASCA / MG,Carta Topográfica Matricial,]
"5bc5a7f1-d0df-4114-865f-a457e7b3b691","por","2014-04-10T14:58:05","Modelo Digital de Terreno referente à carta 1:100.000_2586_RIO DOIS IRMAOS","","O Modelo Digital de Terreno foi gerado com resolução espacial de 20 m, a partir de curvas de nível e pontos cotados constantes de cartas topográficas do mapeamento sistemático brasileiro no referencial geodésico WGS-84 e coordenadas Geográficas.","Fonte dos dados Carta topográfica na escala 1:100.000 - 2586 - RIO DOIS IRMAOS. As curvas de nível apresentam equidistância vertical de 40 m. A exatidão pode variar num intervalo +- 20 m a 30 m na componente altimétrica. Etapas: O MDT teve origem nos dados altimétricos 3D da Carta topográfica gerado a partir de um  modelo TIN e exportado para o formato BT.","urn:ogc:def:crs:EPSG:6.6:4326","-55 -21","-55.5 -20.5","","","","","",]
"53447b99-ea4a-4c80-8019-de8634c1147a","por","2015-08-25T14:22:22","PAC 4º Balanço - Quadras Esportivas nas  Escolas","","Empreendimentos pertencentes a Carteira do PAC. Dados do 4º balanço do PAC, referentes ao mês de abril de 2012 e fornecem informações acerca de todos os empreendimentos presentes na carteira de projetos do programa. Subeixo: Comunidade Cidadã, Tipo: Quadras Esportivas nas  Escolas. Escala 1:2.500.000. Sistema de referência: SIRGAS2000.","Os dados foram gerados em escala de planejamento, podendo conter imprecisões, quando avaliado ao nível intra-municipal.","urn:ogc:def:crs:EPSG:6.6:4326","-28.83 -33.75","-74.00 5.27","http://www.visualizador.inde.gov.br/VisualizaCamada/561","","","","OGC:WMS-1.1.1-http-get-map",]
"05388cba-a734-4d3f-bf75-564d7ccea702","por","2015-08-25T14:23:16","PAC 4º Balanço - Geração de Energia Elétrica","","Empreendimentos pertencentes a Carteira do PAC. Dados do 4º balanço do PAC, referentes ao mês de abril de 2012 e fornecem informações acerca de todos os empreendimentos presentes na carteira de projetos do programa. Subeixo: Energia, Tipo: Geração de Energia Elétrica. Escala 1:2.500.000. Sistema de referência: SIRGAS2000.","Os dados foram gerados em escala de planejamento, podendo conter imprecisões, quando avaliado ao nível intra-municipal.","urn:ogc:def:crs:EPSG:6.6:4326","-28.83 -33.75","-74.00 5.27","http://www.visualizador.inde.gov.br/VisualizaCamada/548","","","","OGC:WMS-1.1.1-http-get-map",]
"abd446df-c05f-4b48-8ad5-aa0e011c54d0","por","2015-08-25T14:22:41","PAC 4º Balanço - UPA","","Empreendimentos pertencentes a Carteira do PAC. Dados do 4º balanço do PAC, referentes ao mês de abril de 2012 e fornecem informações acerca de todos os empreendimentos presentes na carteira de projetos do programa. Subeixo: Comunidade Cidadã, Tipo: UPA. Escala 1:2.500.000. Sistema de referência: SIRGAS2000.","Os dados foram gerados em escala de planejamento, podendo conter imprecisões, quando avaliado ao nível intra-municipal.","urn:ogc:def:crs:EPSG:6.6:4326","-28.83 -33.75","-74.00 5.27","http://www.visualizador.inde.gov.br/VisualizaCamada/567","","","","OGC:WMS-1.1.1-http-get-map",]
"ea6b5a26-c392-4f14-9dbf-55fe6a17870c","por","2015-08-25T14:21:07","PAC 4º Balanço - Pavimentação","","Empreendimentos pertencentes a Carteira do PAC. Dados do 4º balanço do PAC, referentes ao mês de abril de 2012 e fornecem informações acerca de todos os empreendimentos presentes na carteira de projetos do programa. Subeixo: Cidade Melhor, Tipo: Pavimentação. Escala 1:2.500.000. Sistema de referência: SIRGAS2000.","Os dados foram gerados em escala de planejamento, podendo conter imprecisões, quando avaliado ao nível intra-municipal.","urn:ogc:def:crs:EPSG:6.6:4326","-28.83 -33.75","-74.00 5.27","http://www.visualizador.inde.gov.br/VisualizaCamada/557","","","","OGC:WMS-1.1.1-http-get-map",]
"ba631107-c222-4f64-91e6-661a262f9091","por","2012-09-13T15:40:11","CARTA AERONÁUTICA MUNDIAL - WAC 2895 - MACAPÁ","","A Carta Aeronáutica Mundial WAC - 1:1.000.000 - tem por finalidade fornecer as informações aeronáuticas e cartográficas necessárias à  condução dos voos apoiados em referências visuais do terreno. As bases cartográficas utilizadas são as cartas topográficas oriundas do Mapeamento Sistemático Brasileiro, associadas à  informação aeronáutica, que compreende a representação de aeródromos, auxílios à navegação aérea, espaço aéreo condicionado e obstáculos. O Instituto de Cartografia Aeronáutica é responsável pela confecção desta carta, seguindo os padrões do Anexo 4 da ICAO.","A informação é obtida através de folha topográfica na escala 1: 1.000.000 e atualizada por imagens de satélite CBERS 2, fornecidas pelo Instituto Nacional de Pesquisas Espaciais - INPE, e por dados advindos de órgãos setoriais. As informações aeronáuticas são obtidas através do ROTAER. Compilada em maio de 2008.","urn:ogc:def:crs:::WGS 84","-46 0","-52 4","http://www.aisweb.aer.mil.br/arquivos/cartas/visuais/wac/wac2895_nov08.pdf","http://localhost:8080/geonetwork/srv/en/resources.get?id=2315&fname=&access=private","resources.get?id=2315&fname=2895_s.png&access=public","resources.get?id=2315&fname=2895.png&access=public","OGC:WMS-1.1.1-http-get-map",Carta Aeronáutica Visual,transportation]
"feba7dfd-36b3-46f6-9c56-9542c95bc33f","por","2015-08-25T14:22:59","PAC 4º Balanço - UBS","","Empreendimentos pertencentes a Carteira do PAC. Dados do 4º balanço do PAC, referentes ao mês de abril de 2012 e fornecem informações acerca de todos os empreendimentos presentes na carteira de projetos do programa. Tipo: Comunidade Cidadã, Tipo:UBS. Escala 1:2.500.000. Sistema de referência: SIRGAS2000.","Os dados foram gerados em escala de planejamento, podendo conter imprecisões, quando avaliado ao nível intra-municipal.","urn:ogc:def:crs:EPSG:6.6:4326","-28.83 -33.75","-74.00 5.27","http://www.visualizador.inde.gov.br/VisualizaCamada/566","","","","OGC:WMS-1.1.1-http-get-map",]
"c26e298b-cd32-4e10-b0e8-1bb7b7901766","por","2012-09-13T15:41:49","CARTA AERONÁUTICA MUNDIAL - WAC 3018 - NATAL","","A Carta Aeronáutica Mundial WAC - 1:1.000.000 - tem por finalidade fornecer as informações aeronáuticas e cartográficas necessárias à  condução dos voos apoiados em referências visuais do terreno. As bases cartográficas utilizadas são as cartas topográficas oriundas do Mapeamento Sistemático Brasileiro, associadas à  informação aeronáutica, que compreende a representação de aeródromos, auxílios à navegação aérea, espaço aéreo condicionado e obstáculos. O Instituto de Cartografia Aeronáutica é responsável pela confecção desta carta, seguindo os padrões do Anexo 4 da ICAO.","A informação é obtida através de folha topográfica na escala 1: 1.000.000 e atualizada por imagens de satélite LandSat, fornecidas pelo Instituto Nacional de Pesquisas Espaciais - INPE, e por dados advindos de órgãos setoriais. As informações aeronáuticas são obtidas através do ROTAER. Compilada em dezembro 2002.","urn:ogc:def:crs:::WGS 84","-34 -8","-40 -4","http://www.aisweb.aer.mil.br/arquivos/cartas/visuais/wac/wac3018_jul04.pdf","http://localhost:8080/geonetwork/srv/en/resources.get?id=2316&fname=&access=private","resources.get?id=2316&fname=3018_s.png&access=public","resources.get?id=2316&fname=3018.png&access=public","OGC:WMS-1.1.1-http-get-map",Carta Aeronáutica Visual,transportation]
"a0512291-1d47-4bda-accc-2017feb04cb2","por","2012-09-14T08:45:54","CARTA DE NAVEGAÇÃO AÉREA VISUAL - CNAV 6247 - SERRA DO BACAJÁ","","A Carta de Navegação Aérea Visual CNAV - 1:500.000 - tem por finalidade fornecer as informações aeronáuticas e cartográficas necessárias à  condução dos voos apoiados em referências visuais do terreno. As bases cartográficas utilizadas são as cartas topográficas oriundas do Mapeamento Sistemático Brasileiro, associadas à  informação aeronáutica, que compreende a representação de aeródromos, auxílios à navegação aérea, espaço aéreo condicionado e obstáculos. O Instituto de Cartografia Aeronáutica é responsável pela confecção desta carta, seguindo os padrões do Anexo 4 da ICAO.","A informação é obtida através da compilação de folhas topográficas na escala de 1: 250.000 e atualizada por imagens de satélite LandSat, fornecidas pelo Instituto Nacional de Pesquisas Espaciais - INPE, e por dados advindos de órgãos setoriais. As informações aeronáuticas são obtidas através do ROTAER. Compilada em junho de 2010.","urn:ogc:def:crs:::WGS 84","-51 -6","-54 -4","http://www.aisweb.aer.mil.br/arquivos/cartas/visuais/cnav/6247_ago10.pdf","http://localhost:8080/geonetwork/srv/en/resources.get?id=15507&fname=&access=private","resources.get?id=15507&fname=6247_s.png&access=public","resources.get?id=15507&fname=6247.png&access=public","OGC:WMS-1.1.1-http-get-map",Carta de Navegação Aérea Visual,transportation]
"950cda34-1a56-478c-82a9-824b07eae3b8","por","2015-08-25T14:18:12","Pro-Infância","","Programa Pro-Infância. Programa do MEC incorporado a Carteira do Programa de Aceleração do Crescimento (PAC). Executa obras de construção de Creches e Quadras esportivas em escolas, em parceria com Estados e Municípios. Data de referência: março/2012  - escala 1:1.000.000. Sistema de referência: SIRGAS2000.","Camada derivada da base do Plano Nacional de Logística de Transporte (PNLT). Escala 1:1000000.","urn:ogc:def:crs:EPSG:6.6:4326","-28.83 -33.75","-74.00 5.27","http://www.visualizador.inde.gov.br/VisualizaCamada/103","","","","OGC:WMS-1.1.1-http-get-map",]
