"TERMO","CODIGO","NIVEL","NOTAS","TERMOS_INCLUIDOS","TERMO_LIMPO","URI","URIVersion","PAI_TERMO","PAI_CODIGO","PAI_TERMO_LIMPO","FLAG_OUTRO","FILHOS_LIMPOS"
"Administração",18,1,"Assuntos exclusivos da administração pública.","","administracao","http://vocab.e.gov.br/id/governo#administracao","http://vocab.e.gov.br/id/governo/2014_02#administracao","Raiz",0,"",0,"compras-governamentais, fiscalizacao-do-estado, normalizacao-e-qualidade, operacoes-de-divida-publica, orcamento, outros-em-administracao, patrimonio, planejamento, recursos-humanos, servicos-publicos"
"Compras governamentais",114,2,"Aquisição de produtos e serviços pela administração pública ","","compras-governamentais","http://vocab.e.gov.br/id/governo#compras-governamentais","http://vocab.e.gov.br/id/governo/2014_02#compras-governamentais","Administração",18,"administracao",0,""
"Fiscalização do Estado",130,2,"","","fiscalizacao-do-estado","http://vocab.e.gov.br/id/governo#fiscalizacao-do-estado","http://vocab.e.gov.br/id/governo/2014_02#fiscalizacao-do-estado","Administração",18,"administracao",0,""
"Normalização e Qualidade",137,2,"Inclui todas as normalizações que o estado faz sobre a sociedade.","","normalizacao-e-qualidade","http://vocab.e.gov.br/id/governo#normalizacao-e-qualidade","http://vocab.e.gov.br/id/governo/2014_02#normalizacao-e-qualidade","Administração",18,"administracao",0,""
"Operações de dívida pública",138,2,"","","operacoes-de-divida-publica","http://vocab.e.gov.br/id/governo#operacoes-de-divida-publica","http://vocab.e.gov.br/id/governo/2014_02#operacoes-de-divida-publica","Administração",18,"administracao",0,""
"Orçamento",139,2,"","","orcamento","http://vocab.e.gov.br/id/governo#orcamento","http://vocab.e.gov.br/id/governo/2014_02#orcamento","Administração",18,"administracao",0,""
"Outros em Administração",140,2,"","","outros-em-administracao","http://vocab.e.gov.br/id/governo#outros-em-administracao","http://vocab.e.gov.br/id/governo/2014_02#outros-em-administracao","Administração",18,"administracao",0,""
"Patrimônio",163,2,"","","patrimonio","http://vocab.e.gov.br/id/governo#patrimonio","http://vocab.e.gov.br/id/governo/2014_02#patrimonio","Administração",18,"administracao",0,""
"Planejamento",165,2,"","","planejamento","http://vocab.e.gov.br/id/governo#planejamento","http://vocab.e.gov.br/id/governo/2014_02#planejamento","Administração",18,"administracao",0,""
"Recursos humanos",175,2,"","","recursos-humanos","http://vocab.e.gov.br/id/governo#recursos-humanos","http://vocab.e.gov.br/id/governo/2014_02#recursos-humanos","Administração",18,"administracao",0,""
"Serviços Públicos",180,2,"","","servicos-publicos","http://vocab.e.gov.br/id/governo#servicos-publicos","http://vocab.e.gov.br/id/governo/2014_02#servicos-publicos","Administração",18,"administracao",1,""
"Agropecuária",1,1,"Agricultura, pecuária, pesca e atividades relacionadas.","Agricultura, pecuária, pesca, atividades relacionadas","agropecuaria","http://vocab.e.gov.br/id/governo#agropecuaria","http://vocab.e.gov.br/id/governo/2014_02#agropecuaria","Raiz",0,"",0,"abastecimento, defesa-agropecuaria, producao-agropecuaria, outros-em-agropecuaria"
"Abastecimento",100,2,"","","abastecimento","http://vocab.e.gov.br/id/governo#abastecimento","http://vocab.e.gov.br/id/governo/2014_02#abastecimento","Agropecuária",1,"agropecuaria",0,""
"Defesa agropecuária",117,2,"","","defesa-agropecuaria","http://vocab.e.gov.br/id/governo#defesa-agropecuaria","http://vocab.e.gov.br/id/governo/2014_02#defesa-agropecuaria","Agropecuária",1,"agropecuaria",0,""
"Produção agropecuária",171,2,"","","producao-agropecuaria","http://vocab.e.gov.br/id/governo#producao-agropecuaria","http://vocab.e.gov.br/id/governo/2014_02#producao-agropecuaria","Agropecuária",1,"agropecuaria",0,""
"Outros em Agropecuária",141,2,"","","outros-em-agropecuaria","http://vocab.e.gov.br/id/governo#outros-em-agropecuaria","http://vocab.e.gov.br/id/governo/2014_02#outros-em-agropecuaria","Agropecuária",1,"agropecuaria",1,""
"Comércio e Serviços",3,1,"Comércio interno, externo, varejo, atacado, prestação de serviços em qualquer atividade, inclusive embutida em produtos. ","Comércio interno, externo, varejo, atacado, prestação de serviços","comercio-e-servicos","http://vocab.e.gov.br/id/governo#comercio-e-servicos","http://vocab.e.gov.br/id/governo/2014_02#comercio-e-servicos","Raiz",0,"",0,"comercio-externo, defesa-do-consumidor, turismo, outros-em-comercio-e-servicos"
"Comercio externo",113,2,"","Importação e exportação","comercio-externo","http://vocab.e.gov.br/id/governo#comercio-externo","http://vocab.e.gov.br/id/governo/2014_02#comercio-externo","Comércio e Serviços",3,"comercio-e-servicos",0,""
"Defesa do Consumidor",119,2,"","","defesa-do-consumidor","http://vocab.e.gov.br/id/governo#defesa-do-consumidor","http://vocab.e.gov.br/id/governo/2014_02#defesa-do-consumidor","Comércio e Serviços",3,"comercio-e-servicos",0,""
"Turismo",187,2,"","","turismo","http://vocab.e.gov.br/id/governo#turismo","http://vocab.e.gov.br/id/governo/2014_02#turismo","Comércio e Serviços",3,"comercio-e-servicos",0,""
"Outros em Comércio e serviços",142,2,"","","outros-em-comercio-e-servicos","http://vocab.e.gov.br/id/governo#outros-em-comercio-e-servicos","http://vocab.e.gov.br/id/governo/2014_02#outros-em-comercio-e-servicos","Comércio e Serviços",3,"comercio-e-servicos",1,""
"Comunicações",19,1,"Serviços e infra estrutura de meios de comunicação. ","","comunicacoes","http://vocab.e.gov.br/id/governo#comunicacoes","http://vocab.e.gov.br/id/governo/2014_02#comunicacoes","Raiz",0,"",0,"comunicacoes-postais, telecomunicacoes, outros-em-comunicacoes"
"Comunicações Postais",115,2,"","","comunicacoes-postais","http://vocab.e.gov.br/id/governo#comunicacoes-postais","http://vocab.e.gov.br/id/governo/2014_02#comunicacoes-postais","Comunicações",19,"comunicacoes",0,""
"Telecomunicações",183,2,"","","telecomunicacoes","http://vocab.e.gov.br/id/governo#telecomunicacoes","http://vocab.e.gov.br/id/governo/2014_02#telecomunicacoes","Comunicações",19,"comunicacoes",0,""
"Outros em Comunicações",143,2,"","","outros-em-comunicacoes","http://vocab.e.gov.br/id/governo#outros-em-comunicacoes","http://vocab.e.gov.br/id/governo/2014_02#outros-em-comunicacoes","Comunicações",19,"comunicacoes",1,""
"Cultura",20,1,"Produção, difusão, conservação e atividades relacionadas a cultura e ao patrimônio cultural.","","cultura","http://vocab.e.gov.br/id/governo#cultura","http://vocab.e.gov.br/id/governo/2014_02#cultura","Raiz",0,"",0,"difusao-cultural, patrimonio-cultural, outros-em-cultura"
"Difusão Cultural",122,2,"","","difusao-cultural","http://vocab.e.gov.br/id/governo#difusao-cultural","http://vocab.e.gov.br/id/governo/2014_02#difusao-cultural","Cultura",20,"cultura",0,""
"Patrimônio Cultural",164,2,"","","patrimonio-cultural","http://vocab.e.gov.br/id/governo#patrimonio-cultural","http://vocab.e.gov.br/id/governo/2014_02#patrimonio-cultural","Cultura",20,"cultura",0,""
"Outros em Cultura",144,2,"","","outros-em-cultura","http://vocab.e.gov.br/id/governo#outros-em-cultura","http://vocab.e.gov.br/id/governo/2014_02#outros-em-cultura","Cultura",20,"cultura",1,""
"Defesa Nacional",21,1,"Defesa da nação, seja de fronteira, seja de problemas internos. ","","defesa-nacional","http://vocab.e.gov.br/id/governo#defesa-nacional","http://vocab.e.gov.br/id/governo/2014_02#defesa-nacional","Raiz",0,"",0,"defesa-civil, defesa-militar, outros-em-defesa-nacional"
"Defesa Civil",118,2,"","Bombeiros, enchentes, secas, desabamentos, resgastes","defesa-civil","http://vocab.e.gov.br/id/governo#defesa-civil","http://vocab.e.gov.br/id/governo/2014_02#defesa-civil","Defesa Nacional",21,"defesa-nacional",0,""
"Defesa militar",120,2,"","Aeronáutica, Exército, Marinha","defesa-militar","http://vocab.e.gov.br/id/governo#defesa-militar","http://vocab.e.gov.br/id/governo/2014_02#defesa-militar","Defesa Nacional",21,"defesa-nacional",0,""
"Outros em Defesa Nacional",145,2,"","","outros-em-defesa-nacional","http://vocab.e.gov.br/id/governo#outros-em-defesa-nacional","http://vocab.e.gov.br/id/governo/2014_02#outros-em-defesa-nacional","Defesa Nacional",21,"defesa-nacional",1,""
"Economia e Finanças",6,1,"Economia e finanças, incluindo políticas, sistema financeiro. Não inclui orçamento do estado (Administração)","","economia-e-financas","http://vocab.e.gov.br/id/governo#economia-e-financas","http://vocab.e.gov.br/id/governo/2014_02#economia-e-financas","Raiz",0,"",0,"politica-economica, sistema-financeiro, outros-em-economia-e-financas"
"Politica econômica",167,2,"","","politica-economica","http://vocab.e.gov.br/id/governo#politica-economica","http://vocab.e.gov.br/id/governo/2014_02#politica-economica","Economia e Finanças",6,"economia-e-financas",0,""
"Sistema Financeiro",182,2,"","","sistema-financeiro","http://vocab.e.gov.br/id/governo#sistema-financeiro","http://vocab.e.gov.br/id/governo/2014_02#sistema-financeiro","Economia e Finanças",6,"economia-e-financas",0,""
"Outros em Economia e Finanças",146,2,"","","outros-em-economia-e-financas","http://vocab.e.gov.br/id/governo#outros-em-economia-e-financas","http://vocab.e.gov.br/id/governo/2014_02#outros-em-economia-e-financas","Economia e Finanças",6,"economia-e-financas",1,""
"Educação",7,1,"Suporte de educação como EAD deverão ser incluídos em um dos itens abaixo. ","","educacao","http://vocab.e.gov.br/id/governo#educacao","http://vocab.e.gov.br/id/governo/2014_02#educacao","Raiz",0,"",0,"educacao-basica, educacao-profissionalizante, educacao-superior, outros-em-educacao"
"Educação básica",123,2,"","","educacao-basica","http://vocab.e.gov.br/id/governo#educacao-basica","http://vocab.e.gov.br/id/governo/2014_02#educacao-basica","Educação",7,"educacao",0,""
"Educação profissionalizante",124,2,"","","educacao-profissionalizante","http://vocab.e.gov.br/id/governo#educacao-profissionalizante","http://vocab.e.gov.br/id/governo/2014_02#educacao-profissionalizante","Educação",7,"educacao",0,""
"Educação superior",125,2,"","","educacao-superior","http://vocab.e.gov.br/id/governo#educacao-superior","http://vocab.e.gov.br/id/governo/2014_02#educacao-superior","Educação",7,"educacao",0,""
"Outros em Educação",147,2,"","","outros-em-educacao","http://vocab.e.gov.br/id/governo#outros-em-educacao","http://vocab.e.gov.br/id/governo/2014_02#outros-em-educacao","Educação",7,"educacao",1,""
"Energia",22,1,"Geração, transmissão, consumo de energia, de qualquer tipo e origem.","","energia","http://vocab.e.gov.br/id/governo#energia","http://vocab.e.gov.br/id/governo/2014_02#energia","Raiz",0,"",0,"combustiveis, energia-eletrica, outros-em-energia"
"Combustíveis",112,2,"","","combustiveis","http://vocab.e.gov.br/id/governo#combustiveis","http://vocab.e.gov.br/id/governo/2014_02#combustiveis","Energia",22,"energia",0,""
"Energia elétrica",127,2,"Qualquer geração de energia elétrica ","","energia-eletrica","http://vocab.e.gov.br/id/governo#energia-eletrica","http://vocab.e.gov.br/id/governo/2014_02#energia-eletrica","Energia",22,"energia",0,""
"Outros em Energia",148,2,"","","outros-em-energia","http://vocab.e.gov.br/id/governo#outros-em-energia","http://vocab.e.gov.br/id/governo/2014_02#outros-em-energia","Energia",22,"energia",1,""
"Esporte e Lazer",23,1,"Infraestrutura, serviços e atividades ligadas a esporte e lazer, incluindo esporte profissional e amador.","","esporte-e-lazer","http://vocab.e.gov.br/id/governo#esporte-e-lazer","http://vocab.e.gov.br/id/governo/2014_02#esporte-e-lazer","Raiz",0,"",0,"esporte-comunitario, esporte-profissional, lazer, outros-em-esporte-e-lazer"
"Esporte comunitário",128,2,"","","esporte-comunitario","http://vocab.e.gov.br/id/governo#esporte-comunitario","http://vocab.e.gov.br/id/governo/2014_02#esporte-comunitario","Esporte e Lazer",23,"esporte-e-lazer",0,""
"Esporte profissional",129,2,"","Esportes remunerados, atletas de competição","esporte-profissional","http://vocab.e.gov.br/id/governo#esporte-profissional","http://vocab.e.gov.br/id/governo/2014_02#esporte-profissional","Esporte e Lazer",23,"esporte-e-lazer",0,""
"Lazer",134,2,"","","lazer","http://vocab.e.gov.br/id/governo#lazer","http://vocab.e.gov.br/id/governo/2014_02#lazer","Esporte e Lazer",23,"esporte-e-lazer",0,"outros-em-esporte-e-lazer"
"Outros em Esporte e Lazer",149,2,"","","outros-em-esporte-e-lazer","http://vocab.e.gov.br/id/governo#outros-em-esporte-e-lazer","http://vocab.e.gov.br/id/governo/2014_02#outros-em-esporte-e-lazer","Esporte e Lazer",23,"esporte-e-lazer",1,""
"Habitação",24,1,"Habitações, rurais e urbanas. ","","habitacao","http://vocab.e.gov.br/id/governo#habitacao","http://vocab.e.gov.br/id/governo/2014_02#habitacao","Raiz",0,"",0,"habitacao-rural, habitacao-urbana, outros-em-habitacao"
"Habitação Rural",132,2,"","","habitacao-rural","http://vocab.e.gov.br/id/governo#habitacao-rural","http://vocab.e.gov.br/id/governo/2014_02#habitacao-rural","Habitação",24,"habitacao",0,""
"Habitação Urbana",133,2,"","","habitacao-urbana","http://vocab.e.gov.br/id/governo#habitacao-urbana","http://vocab.e.gov.br/id/governo/2014_02#habitacao-urbana","Habitação",24,"habitacao",0,""
"Outros em Habitação",150,2,"","","outros-em-habitacao","http://vocab.e.gov.br/id/governo#outros-em-habitacao","http://vocab.e.gov.br/id/governo/2014_02#outros-em-habitacao","Habitação",24,"habitacao",1,""
"Indústria",10,1,"Assuntos relativos a todos os ramos de indústria. ","","industria","http://vocab.e.gov.br/id/governo#industria","http://vocab.e.gov.br/id/governo/2014_02#industria","Raiz",0,"",0,"mineracao, producao-industrial, propriedade-industrial, outros-em-industria"
"Mineração",136,2,"","","mineracao","http://vocab.e.gov.br/id/governo#mineracao","http://vocab.e.gov.br/id/governo/2014_02#mineracao","Indústria",10,"industria",0,""
"Produção Industrial",172,2,"","","producao-industrial","http://vocab.e.gov.br/id/governo#producao-industrial","http://vocab.e.gov.br/id/governo/2014_02#producao-industrial","Indústria",10,"industria",0,""
"Propriedade Industrial",173,2,"","","propriedade-industrial","http://vocab.e.gov.br/id/governo#propriedade-industrial","http://vocab.e.gov.br/id/governo/2014_02#propriedade-industrial","Indústria",10,"industria",0,""
"Outros em Industria",151,2,"","","outros-em-industria","http://vocab.e.gov.br/id/governo#outros-em-industria","http://vocab.e.gov.br/id/governo/2014_02#outros-em-industria","Indústria",10,"industria",1,""
"Meio ambiente",13,1,"Assuntos relacionadas ao meio ambiente.","","meio-ambiente","http://vocab.e.gov.br/id/governo#meio-ambiente","http://vocab.e.gov.br/id/governo/2014_02#meio-ambiente","Raiz",0,"",0,"agua, biodiversidade, clima, preservacao-e-conservacao-ambiental, outros-em-meio-ambiente"
"Água",101,2,"","","agua","http://vocab.e.gov.br/id/governo#agua","http://vocab.e.gov.br/id/governo/2014_02#agua","Meio ambiente",13,"meio-ambiente",0,""
"Biodiversidade",107,2,"","","biodiversidade","http://vocab.e.gov.br/id/governo#biodiversidade","http://vocab.e.gov.br/id/governo/2014_02#biodiversidade","Meio ambiente",13,"meio-ambiente",0,""
"Clima",109,2,"","","clima","http://vocab.e.gov.br/id/governo#clima","http://vocab.e.gov.br/id/governo/2014_02#clima","Meio ambiente",13,"meio-ambiente",0,""
"Preservação e Conservação Ambiental",168,2,"","","preservacao-e-conservacao-ambiental","http://vocab.e.gov.br/id/governo#preservacao-e-conservacao-ambiental","http://vocab.e.gov.br/id/governo/2014_02#preservacao-e-conservacao-ambiental","Meio ambiente",13,"meio-ambiente",0,""
"Outros em Meio Ambiente",152,2,"","","outros-em-meio-ambiente","http://vocab.e.gov.br/id/governo#outros-em-meio-ambiente","http://vocab.e.gov.br/id/governo/2014_02#outros-em-meio-ambiente","Meio ambiente",13,"meio-ambiente",1,""
"Pesquisa e Desenvolvimento",25,1,"Atividades de pesquisa científica e desenvolvimento de produtos e soluções. ","","pesquisa-e-desenvolvimento","http://vocab.e.gov.br/id/governo#pesquisa-e-desenvolvimento","http://vocab.e.gov.br/id/governo/2014_02#pesquisa-e-desenvolvimento","Raiz",0,"",0,"difusao, outros-em-pesquisa-e-desenvolvimento"
"Difusão",121,2,"","","difusao","http://vocab.e.gov.br/id/governo#difusao","http://vocab.e.gov.br/id/governo/2014_02#difusao","Pesquisa e Desenvolvimento",25,"pesquisa-e-desenvolvimento",0,""
"Outros em Pesquisa e Desenvolvimento",153,2,"","","outros-em-pesquisa-e-desenvolvimento","http://vocab.e.gov.br/id/governo#outros-em-pesquisa-e-desenvolvimento","http://vocab.e.gov.br/id/governo/2014_02#outros-em-pesquisa-e-desenvolvimento","Pesquisa e Desenvolvimento",25,"pesquisa-e-desenvolvimento",1,""
"Previdência Social",26,1,"Previdência social, seja pública ou privada. ","","previdencia-social","http://vocab.e.gov.br/id/governo#previdencia-social","http://vocab.e.gov.br/id/governo/2014_02#previdencia-social","Raiz",0,"",0,"previdencia-basica, previdencia-complementar, outros-em-previdencia"
"Previdência Básica",169,2,"","","previdencia-basica","http://vocab.e.gov.br/id/governo#previdencia-basica","http://vocab.e.gov.br/id/governo/2014_02#previdencia-basica","Previdência Social",26,"previdencia-social",0,""
"Previdência Complementar",170,2,"","","previdencia-complementar","http://vocab.e.gov.br/id/governo#previdencia-complementar","http://vocab.e.gov.br/id/governo/2014_02#previdencia-complementar","Previdência Social",26,"previdencia-social",0,""
"Outros em Previdência",154,2,"","","outros-em-previdencia","http://vocab.e.gov.br/id/governo#outros-em-previdencia","http://vocab.e.gov.br/id/governo/2014_02#outros-em-previdencia","Previdência Social",26,"previdencia-social",1,""
"Proteção Social",27,1,"Atividades de proteção ao cidadão, a sociedade e a grupos específicos. ","","protecao-social","http://vocab.e.gov.br/id/governo#protecao-social","http://vocab.e.gov.br/id/governo/2014_02#protecao-social","Raiz",0,"",0,"assistencia-a-crianca-e-ao-adolescente, assistencia-ao-idoso, assistencia-ao-portador-de-deficiencia, combate-a-desigualdade, cidadania, outros-em-protecao-social"
"Assistência à Criança e ao Adolescente",102,2,"","","assistencia-a-crianca-e-ao-adolescente","http://vocab.e.gov.br/id/governo#assistencia-a-crianca-e-ao-adolescente","http://vocab.e.gov.br/id/governo/2014_02#assistencia-a-crianca-e-ao-adolescente","Proteção Social",27,"protecao-social",0,""
"Assistência ao Idoso",103,2,"","","assistencia-ao-idoso","http://vocab.e.gov.br/id/governo#assistencia-ao-idoso","http://vocab.e.gov.br/id/governo/2014_02#assistencia-ao-idoso","Proteção Social",27,"protecao-social",0,""
"Assistência ao Portador de Deficiência",104,2,"","","assistencia-ao-portador-de-deficiencia","http://vocab.e.gov.br/id/governo#assistencia-ao-portador-de-deficiencia","http://vocab.e.gov.br/id/governo/2014_02#assistencia-ao-portador-de-deficiencia","Proteção Social",27,"protecao-social",0,""
"Combate a desigualdade",110,2,"","","combate-a-desigualdade","http://vocab.e.gov.br/id/governo#combate-a-desigualdade","http://vocab.e.gov.br/id/governo/2014_02#combate-a-desigualdade","Proteção Social",27,"protecao-social",0,""
"Cidadania",108,2,"A alocação de cidadania em Proteção Social foi considerada “não ideal”, mas foi a melhor localização encontrada. ","","cidadania","http://vocab.e.gov.br/id/governo#cidadania","http://vocab.e.gov.br/id/governo/2014_02#cidadania","Proteção Social",27,"protecao-social",0,""
"Outros em Proteção Social",155,2,"","","outros-em-protecao-social","http://vocab.e.gov.br/id/governo#outros-em-protecao-social","http://vocab.e.gov.br/id/governo/2014_02#outros-em-protecao-social","Proteção Social",27,"protecao-social",1,""
"Relações Internacionais",14,1,"Relações com países estrangeiros, entidades internacionais, etc. ","","relacoes-internacionais","http://vocab.e.gov.br/id/governo#relacoes-internacionais","http://vocab.e.gov.br/id/governo/2014_02#relacoes-internacionais","Raiz",0,"",0,"cooperacao-internacional, relacoes-diplomaticas, outros-em-relacoes-internacionais"
"Cooperação Internacional",116,2,"","","cooperacao-internacional","http://vocab.e.gov.br/id/governo#cooperacao-internacional","http://vocab.e.gov.br/id/governo/2014_02#cooperacao-internacional","Relações Internacionais",14,"relacoes-internacionais",0,""
"Relações Diplomáticas",177,2,"","","relacoes-diplomaticas","http://vocab.e.gov.br/id/governo#relacoes-diplomaticas","http://vocab.e.gov.br/id/governo/2014_02#relacoes-diplomaticas","Relações Internacionais",14,"relacoes-internacionais",0,""
"Outros em Relações Internacionais",156,2,"","","outros-em-relacoes-internacionais","http://vocab.e.gov.br/id/governo#outros-em-relacoes-internacionais","http://vocab.e.gov.br/id/governo/2014_02#outros-em-relacoes-internacionais","Relações Internacionais",14,"relacoes-internacionais",1,""
"Saneamento",28,1,"Atividades relacionadas a saneamento básico.","","saneamento","http://vocab.e.gov.br/id/governo#saneamento","http://vocab.e.gov.br/id/governo/2014_02#saneamento","Raiz",0,"",0,"saneamento-basico-rural, saneamento-basico-urbano, outros-em-saneamento"
"Saneamento Básico Rural",178,2,"","","saneamento-basico-rural","http://vocab.e.gov.br/id/governo#saneamento-basico-rural","http://vocab.e.gov.br/id/governo/2014_02#saneamento-basico-rural","Saneamento",28,"saneamento",0,""
"Saneamento Básico Urbano",179,2,"","","saneamento-basico-urbano","http://vocab.e.gov.br/id/governo#saneamento-basico-urbano","http://vocab.e.gov.br/id/governo/2014_02#saneamento-basico-urbano","Saneamento",28,"saneamento",0,""
"Outros em Saneamento",157,2,"","","outros-em-saneamento","http://vocab.e.gov.br/id/governo#outros-em-saneamento","http://vocab.e.gov.br/id/governo/2014_02#outros-em-saneamento","Saneamento",28,"saneamento",1,""
"Saúde",15,1,"Infraestrutura médico hospitalar, serviços, ações preventivas, etc. ","","saude","http://vocab.e.gov.br/id/governo#saude","http://vocab.e.gov.br/id/governo/2014_02#saude","Raiz",0,"",0,"assistencia-hospitalar-e-ambulatorial, atendimento-basico, combate-a-epidemias, medicamentos-e-aparelhos, vigilancia-sanitaria, outros-em-saude"
"Assistência Hospitalar e Ambulatorial",105,2,"","","assistencia-hospitalar-e-ambulatorial","http://vocab.e.gov.br/id/governo#assistencia-hospitalar-e-ambulatorial","http://vocab.e.gov.br/id/governo/2014_02#assistencia-hospitalar-e-ambulatorial","Saúde",15,"saude",0,""
"Atendimento básico",106,2,"","","atendimento-basico","http://vocab.e.gov.br/id/governo#atendimento-basico","http://vocab.e.gov.br/id/governo/2014_02#atendimento-basico","Saúde",15,"saude",0,""
"Combate a epidemias",111,2,"","","combate-a-epidemias","http://vocab.e.gov.br/id/governo#combate-a-epidemias","http://vocab.e.gov.br/id/governo/2014_02#combate-a-epidemias","Saúde",15,"saude",0,""
"Medicamentos e aparelhos",135,2,"","","medicamentos-e-aparelhos","http://vocab.e.gov.br/id/governo#medicamentos-e-aparelhos","http://vocab.e.gov.br/id/governo/2014_02#medicamentos-e-aparelhos","Saúde",15,"saude",0,""
"Vigilância Sanitária",188,2,"","","vigilancia-sanitaria","http://vocab.e.gov.br/id/governo#vigilancia-sanitaria","http://vocab.e.gov.br/id/governo/2014_02#vigilancia-sanitaria","Saúde",15,"saude",0,""
"Outros em Saúde",158,2,"","","outros-em-saude","http://vocab.e.gov.br/id/governo#outros-em-saude","http://vocab.e.gov.br/id/governo/2014_02#outros-em-saude","Saúde",15,"saude",1,""
"Segurança e Ordem Pública",29,1,"Defesa da segurança interna e da ordem pública. ","","seguranca-e-ordem-publica","http://vocab.e.gov.br/id/governo#seguranca-e-ordem-publica","http://vocab.e.gov.br/id/governo/2014_02#seguranca-e-ordem-publica","Raiz",0,"",0,"defesa-civil, policiamento, outros-em-seguranca-e-ordem-publica"
"Defesa Civil",118,2,"","Bombeiros, enchentes, secas, desabamentos, resgastes","defesa-civil","http://vocab.e.gov.br/id/governo#defesa-civil","http://vocab.e.gov.br/id/governo/2014_02#defesa-civil","Segurança e Ordem Pública",29,"seguranca-e-ordem-publica",0,""
"Policiamento",166,2,"","Polícia civil, aduaneira, rodoviária, federal, municipal, etc. ","policiamento","http://vocab.e.gov.br/id/governo#policiamento","http://vocab.e.gov.br/id/governo/2014_02#policiamento","Segurança e Ordem Pública",29,"seguranca-e-ordem-publica",0,""
"Outros em Segurança e Ordem Pública",159,2,"","","outros-em-seguranca-e-ordem-publica","http://vocab.e.gov.br/id/governo#outros-em-seguranca-e-ordem-publica","http://vocab.e.gov.br/id/governo/2014_02#outros-em-seguranca-e-ordem-publica","Segurança e Ordem Pública",29,"seguranca-e-ordem-publica",1,""
"Trabalho",16,1,"Atividades relacionadas ao trabalho. ","","trabalho","http://vocab.e.gov.br/id/governo#trabalho","http://vocab.e.gov.br/id/governo/2014_02#trabalho","Raiz",0,"",0,"empregabilidade, fomento-ao-trabalho, protecao-e-beneficios-ao-trabalhador, relacoes-de-trabalho, outros-em-trabalho"
"Empregabilidade",126,2,"","","empregabilidade","http://vocab.e.gov.br/id/governo#empregabilidade","http://vocab.e.gov.br/id/governo/2014_02#empregabilidade","Trabalho",16,"trabalho",0,""
"Fomento ao Trabalho",131,2,"","","fomento-ao-trabalho","http://vocab.e.gov.br/id/governo#fomento-ao-trabalho","http://vocab.e.gov.br/id/governo/2014_02#fomento-ao-trabalho","Trabalho",16,"trabalho",0,""
"Proteção e Benefícios ao Trabalhador",174,2,"","","protecao-e-beneficios-ao-trabalhador","http://vocab.e.gov.br/id/governo#protecao-e-beneficios-ao-trabalhador","http://vocab.e.gov.br/id/governo/2014_02#protecao-e-beneficios-ao-trabalhador","Trabalho",16,"trabalho",0,""
"Relações de Trabalho",176,2,"","","relacoes-de-trabalho","http://vocab.e.gov.br/id/governo#relacoes-de-trabalho","http://vocab.e.gov.br/id/governo/2014_02#relacoes-de-trabalho","Trabalho",16,"trabalho",0,""
"Outros em Trabalho",160,2,"","","outros-em-trabalho","http://vocab.e.gov.br/id/governo#outros-em-trabalho","http://vocab.e.gov.br/id/governo/2014_02#outros-em-trabalho","Trabalho",16,"trabalho",1,""
"Transportes",30,1,"Atividades relacionadas a transporte, principalmente nacional e internacional. Para transporte urbano veja Urbanismo. ","","transportes","http://vocab.e.gov.br/id/governo#transportes","http://vocab.e.gov.br/id/governo/2014_02#transportes","Raiz",0,"",0,"transporte-aereo, transporte-ferroviario, transporte-hidroviario, transporte-rodoviario, outros-em-transporte"
"Transporte Aéreo",184,2,"","","transporte-aereo","http://vocab.e.gov.br/id/governo#transporte-aereo","http://vocab.e.gov.br/id/governo/2014_02#transporte-aereo","Transportes",30,"transportes",0,""
"Transporte Ferroviário",189,2,"","","transporte-ferroviario","http://vocab.e.gov.br/id/governo#transporte-ferroviario","http://vocab.e.gov.br/id/governo/2014_02#transporte-ferroviario","Transportes",30,"transportes",0,""
"Transporte Hidroviário",185,2,"","","transporte-hidroviario","http://vocab.e.gov.br/id/governo#transporte-hidroviario","http://vocab.e.gov.br/id/governo/2014_02#transporte-hidroviario","Transportes",30,"transportes",0,""
"Transporte Rodoviário",186,2,"","","transporte-rodoviario","http://vocab.e.gov.br/id/governo#transporte-rodoviario","http://vocab.e.gov.br/id/governo/2014_02#transporte-rodoviario","Transportes",30,"transportes",0,""
"Outros em Transporte",161,2,"","","outros-em-transporte","http://vocab.e.gov.br/id/governo#outros-em-transporte","http://vocab.e.gov.br/id/governo/2014_02#outros-em-transporte","Transportes",30,"transportes",1,""
"Urbanismo",31,1,"Atividades relacionadas as cidades, incluindo suas infraestruturas e serviços. ","Cidades, metrópoles, bairros, comunidade. ","urbanismo","http://vocab.e.gov.br/id/governo#urbanismo","http://vocab.e.gov.br/id/governo/2014_02#urbanismo","Raiz",0,"",0,"infraestrutura-urbana, servicos-urbanos, outros-em-urbanismo"
"Infraestrutura Urbana",190,2,"","Ruas, redes elétricas, de águas, esgoto, equipamentos de limpeza","infraestrutura-urbana","http://vocab.e.gov.br/id/governo#infraestrutura-urbana","http://vocab.e.gov.br/id/governo/2014_02#infraestrutura-urbana","Urbanismo",31,"urbanismo",0,""
"Serviços Urbanos",181,2,"","","servicos-urbanos","http://vocab.e.gov.br/id/governo#servicos-urbanos","http://vocab.e.gov.br/id/governo/2014_02#servicos-urbanos","Urbanismo",31,"urbanismo",0,""
"Outros em Urbanismo",162,2,"","","outros-em-urbanismo","http://vocab.e.gov.br/id/governo#outros-em-urbanismo","http://vocab.e.gov.br/id/governo/2014_02#outros-em-urbanismo","Urbanismo",31,"urbanismo",1,""
